{
    "s_min": -2293.64453125,
    "s_max": 2293.2998046875,
    "imp_min": 6857730.0,
    "imp_max": 9825480.0
}