{
    "s_min": -3.3895715484225507e+38,
    "s_max": 3.3044953587472655e+38,
    "imp_min": 6857730.0,
    "imp_max": 9825480.0
}