{
  "tracecount_total": 517655,
  "train_traces": 510,
  "infer_traces": 256,
  "nsamples": 1751,
  "dt_seconds": 0.002,
  "experiment_mode": "core_v12_tuned",
  "lateral_group_size": 5,
  "selected_checkpoint": "best_pcc",
  "selected_checkpoint_path": "new\\sgy_inversion_v12_smoke\\checkpoints\\best_pcc.pt",
  "selected_epoch": 2,
  "postprocess_mode": "mild_detail_a0.91",
  "prior_models": {
    "01_20Hz_v6": {
      "highpass_cutoff": 8.0,
      "imp_mean": 6983738.5,
      "imp_std": 598404.125
    },
    "01_30Hz_v6": {
      "highpass_cutoff": 12.0,
      "imp_mean": 6983738.5,
      "imp_std": 598404.125
    },
    "01_40Hz_v6": {
      "highpass_cutoff": 15.0,
      "imp_mean": 6983738.5,
      "imp_std": 598404.125
    }
  },
  "candidate_metrics": [
    {
      "checkpoint_name": "best_loss",
      "checkpoint_path": "new\\sgy_inversion_v12_smoke\\checkpoints\\best_loss.pt",
      "checkpoint_epoch": 1,
      "postprocess_mode": "mild_detail_a0.91",
      "raw_trace_pcc": 0.9387714266777039,
      "mean_trace_pcc": 0.9359366297721863,
      "raw_impedance_mean": 7128062.0,
      "raw_impedance_std": 531998.5,
      "final_impedance_mean": 7128063.5,
      "final_impedance_std": 510812.875,
      "base_impedance_std": 431939.34375,
      "mae_ratio_vs_prior": 0.05591816082596779,
      "edge_alignment": 0.4018237590789795,
      "resid_l1_si": 0.226595938205719,
      "resid_rms_ratio": 0.32627102732658386,
      "lat_tv_ratio": 2.4245772926676525,
      "wavelet_phi_deg": 1.1909838914871216,
      "wavelet_f_scale": 1.0,
      "wavelet_bad": 0.0,
      "postprocess_candidates": [
        {
          "postprocess_name": "raw_identity",
          "final_trace_pcc": 0.9387714266777039,
          "final_impedance_mean": 7128062.0,
          "final_impedance_std": 531998.5,
          "base_impedance_std": 431939.34375,
          "mae_ratio_vs_prior": 0.05786355957388878,
          "edge_alignment": 0.4039326608181,
          "resid_l1_si": 0.22079208493232727,
          "resid_rms_ratio": 0.31809815764427185,
          "lat_tv_ratio": 2.6213183902974686,
          "wavelet_phi_deg": 1.1909838914871216,
          "wavelet_f_scale": 1.0,
          "wavelet_bad": 0.0,
          "selection_score": 0.6400524964428467
        },
        {
          "postprocess_name": "variance_safe_blend",
          "final_trace_pcc": 0.9342679977416992,
          "final_impedance_mean": 7128063.0,
          "final_impedance_std": 510071.1875,
          "base_impedance_std": 431939.34375,
          "mae_ratio_vs_prior": 0.05590254068374634,
          "edge_alignment": 0.4012611508369446,
          "resid_l1_si": 0.22985169291496277,
          "resid_rms_ratio": 0.3308676481246948,
          "lat_tv_ratio": 2.4069484250510462,
          "wavelet_phi_deg": 1.1909838914871216,
          "wavelet_f_scale": 1.0,
          "wavelet_bad": 0.0,
          "selection_score": 0.64123101981221
        },
        {
          "postprocess_name": "mild_detail_a0.91",
          "final_trace_pcc": 0.9359366297721863,
          "final_impedance_mean": 7128063.5,
          "final_impedance_std": 510812.875,
          "base_impedance_std": 431939.34375,
          "mae_ratio_vs_prior": 0.05591816082596779,
          "edge_alignment": 0.4018237590789795,
          "resid_l1_si": 0.226595938205719,
          "resid_rms_ratio": 0.32627102732658386,
          "lat_tv_ratio": 2.4245772926676525,
          "wavelet_phi_deg": 1.1909838914871216,
          "wavelet_f_scale": 1.0,
          "wavelet_bad": 0.0,
          "selection_score": 0.6424036780745477
        },
        {
          "postprocess_name": "mild_detail_a0.93",
          "final_trace_pcc": 0.9366540908813477,
          "final_impedance_mean": 7128063.0,
          "final_impedance_std": 515464.90625,
          "base_impedance_std": 431939.34375,
          "mae_ratio_vs_prior": 0.056345630437135696,
          "edge_alignment": 0.4023236036300659,
          "resid_l1_si": 0.22509968280792236,
          "resid_rms_ratio": 0.3242218494415283,
          "lat_tv_ratio": 2.4681802804726996,
          "wavelet_phi_deg": 1.1909838914871216,
          "wavelet_f_scale": 1.0,
          "wavelet_bad": 0.0,
          "selection_score": 0.6419148227036977
        },
        {
          "postprocess_name": "mild_detail_a0.95",
          "final_trace_pcc": 0.9373189806938171,
          "final_impedance_mean": 7128063.0,
          "final_impedance_std": 520149.5625,
          "base_impedance_std": 431939.34375,
          "mae_ratio_vs_prior": 0.05677589029073715,
          "edge_alignment": 0.4028039574623108,
          "resid_l1_si": 0.2237258404493332,
          "resid_rms_ratio": 0.3223109245300293,
          "lat_tv_ratio": 2.5118550565346047,
          "wavelet_phi_deg": 1.1909838914871216,
          "wavelet_f_scale": 1.0,
          "wavelet_bad": 0.0,
          "selection_score": 0.6414054897413272
        }
      ],
      "score_components": {
        "S_pcc": 0.9359366297721863,
        "S_res": 0.5675140084066118,
        "S_edge": 0.4018237590789795,
        "S_var": 0.8455921236323576,
        "S_dev": 0.1524597695645164,
        "S_lat": 0.4124430279142577
      },
      "selection_score": 0.6424036780745477
    },
    {
      "checkpoint_name": "best_pcc",
      "checkpoint_path": "new\\sgy_inversion_v12_smoke\\checkpoints\\best_pcc.pt",
      "checkpoint_epoch": 2,
      "postprocess_mode": "mild_detail_a0.91",
      "raw_trace_pcc": 0.9523165225982666,
      "mean_trace_pcc": 0.950171947479248,
      "raw_impedance_mean": 7207057.0,
      "raw_impedance_std": 481336.96875,
      "final_impedance_mean": 7207057.5,
      "final_impedance_std": 460429.90625,
      "base_impedance_std": 431939.34375,
      "mae_ratio_vs_prior": 0.05450291186571121,
      "edge_alignment": 0.4254609942436218,
      "resid_l1_si": 0.20540392398834229,
      "resid_rms_ratio": 0.2797912359237671,
      "lat_tv_ratio": 2.2722272662130134,
      "wavelet_phi_deg": 1.1909838914871216,
      "wavelet_f_scale": 1.0,
      "wavelet_bad": 0.0,
      "postprocess_candidates": [
        {
          "postprocess_name": "raw_identity",
          "final_trace_pcc": 0.9523165225982666,
          "final_impedance_mean": 7207057.0,
          "final_impedance_std": 481336.96875,
          "base_impedance_std": 431939.34375,
          "mae_ratio_vs_prior": 0.05624046549201012,
          "edge_alignment": 0.42713549733161926,
          "resid_l1_si": 0.2001352161169052,
          "resid_rms_ratio": 0.27290984988212585,
          "lat_tv_ratio": 2.459374489476647,
          "wavelet_phi_deg": 1.1909838914871216,
          "wavelet_f_scale": 1.0,
          "wavelet_bad": 0.0,
          "selection_score": 0.6644799664119145
        },
        {
          "postprocess_name": "variance_safe_blend",
          "final_trace_pcc": 0.9489045143127441,
          "final_impedance_mean": 7207057.0,
          "final_impedance_std": 459603.65625,
          "base_impedance_std": 431939.34375,
          "mae_ratio_vs_prior": 0.05448796972632408,
          "edge_alignment": 0.42500418424606323,
          "resid_l1_si": 0.20836684107780457,
          "resid_rms_ratio": 0.2836928069591522,
          "lat_tv_ratio": 2.255296702549483,
          "wavelet_phi_deg": 1.1909838914871216,
          "wavelet_f_scale": 1.0,
          "wavelet_bad": 0.0,
          "selection_score": 0.6673879047721321
        },
        {
          "postprocess_name": "mild_detail_a0.91",
          "final_trace_pcc": 0.950171947479248,
          "final_impedance_mean": 7207057.5,
          "final_impedance_std": 460429.90625,
          "base_impedance_std": 431939.34375,
          "mae_ratio_vs_prior": 0.05450291186571121,
          "edge_alignment": 0.4254609942436218,
          "resid_l1_si": 0.20540392398834229,
          "resid_rms_ratio": 0.2797912359237671,
          "lat_tv_ratio": 2.2722272662130134,
          "wavelet_phi_deg": 1.1909838914871216,
          "wavelet_f_scale": 1.0,