{
  "full_pcc": 0.9339110851287842,
  "full_r2": 0.870789647102356,
  "best_epoch": 386,
  "val_pcc": 0.9125380266235719
}