{
  "seis_mean": 3.8277423186627857e-07,
  "seis_std": 1604.58251953125,
  "imp_mean": 6983738.5,
  "imp_std": 598404.125
}