{
  "seis_mean": -0.00041558919474482536,
  "seis_std": 0.06877361238002777,
  "imp_mean": 5234.76904296875,
  "imp_std": 1931.1231689453125,
  "norm": {
    "seismic": "zscore",
    "impedance": "zscore",
    "eps": 1e-06
  }
}