{
    "s_min": -4258.99609375,
    "s_max": 4266.26171875,
    "imp_min": 6857730.0,
    "imp_max": 9825480.0
}