{
    "s_min": -9685.89453125,
    "s_max": 8577.73046875,
    "imp_min": 6857730.0,
    "imp_max": 9825480.0
}