{
    "s_min": -8877.59375,
    "s_max": 9136.21875,
    "imp_min": 6857730.0,
    "imp_max": 9825480.0
}