{
    "s_min": -32337.308571438436,
    "s_max": 32596.480000010393,
    "imp_min": 1515.0,
    "imp_max": 12346.9
}