{
    "s_min": -9159.390625,
    "s_max": 9305.73046875,
    "imp_min": 6857730.0,
    "imp_max": 9825480.0
}