{
    "s_min": -3462.451416015625,
    "s_max": 3458.3994140625,
    "imp_min": 6857730.0,
    "imp_max": 9825480.0
}