{
    "s_min": -9037.6171875,
    "s_max": 8212.8359375,
    "imp_min": 6857730.0,
    "imp_max": 9825480.0
}