{
    "s_min": -9595.37109375,
    "s_max": 9008.3828125,
    "imp_min": 6857730.0,
    "imp_max": 9825480.0
}