{
    "s_min": -8910.6796875,
    "s_max": 8584.32421875,
    "imp_min": 6857730.0,
    "imp_max": 9825480.0
}