{
  "full_pcc": 0.9294486045837402,
  "full_r2": 0.8510454297065735,
  "best_epoch": 77,
  "val_pcc": 0.914041120804907
}