{
  "seis_mean": 1.5623437548129004e-06,
  "seis_std": 1477.42236328125,
  "imp_mean": 6983738.5,
  "imp_std": 598404.125
}