{
  "seis_mean": -4.279388904571533,
  "seis_std": 1359.404541015625,
  "imp_mean": 6983738.5,
  "imp_std": 598404.125,
  "highpass_cutoff": 8
}