{
  "seis_min": -4916.37109375,
  "seis_max": 4920.73046875,
  "imp_min": 6857730.0,
  "imp_max": 9825480.0
}