{
  "tracecount_total": 517655,
  "train_traces": 2000,
  "infer_traces": 1000,
  "nsamples": 1751,
  "dt_seconds": 0.002,
  "experiment_mode": "core_v11",
  "selected_checkpoint": "best_loss",
  "selected_checkpoint_path": "new\\sgy_inversion_v11_ablate_core\\checkpoints\\best_loss.pt",
  "selected_epoch": 1,
  "postprocess_mode": "mild_detail_a0.91",
  "prior_models": {
    "01_20Hz_v6": {
      "highpass_cutoff": 8.0,
      "imp_mean": 6983738.5,
      "imp_std": 598404.125
    },
    "01_30Hz_v6": {
      "highpass_cutoff": 12.0,
      "imp_mean": 6983738.5,
      "imp_std": 598404.125
    },
    "01_40Hz_v6": {
      "highpass_cutoff": 15.0,
      "imp_mean": 6983738.5,
      "imp_std": 598404.125
    }
  },
  "candidate_metrics": [
    {
      "checkpoint_name": "best_loss",
      "checkpoint_path": "new\\sgy_inversion_v11_ablate_core\\checkpoints\\best_loss.pt",
      "checkpoint_epoch": 1,
      "postprocess_mode": "mild_detail_a0.91",
      "raw_trace_pcc": 0.9229429960250854,
      "mean_trace_pcc": 0.9259596467018127,
      "raw_impedance_mean": 7139908.5,
      "raw_impedance_std": 1018386.1875,
      "final_impedance_mean": 7139908.0,
      "final_impedance_std": 944975.1875,
      "base_impedance_std": 416897.875,
      "mae_ratio_vs_prior": 0.10598339885473251,
      "edge_alignment": 0.23723724484443665,
      "resid_l1_si": 0.2300528734922409,
      "resid_rms_ratio": 0.39524465799331665,
      "lat_tv_ratio": 6.464428058523853,
      "wavelet_phi_deg": 0.0,
      "wavelet_f_scale": 1.0,
      "wavelet_bad": 0.0,
      "postprocess_candidates": [
        {
          "postprocess_name": "raw_identity",
          "final_trace_pcc": 0.9229429960250854,
          "final_impedance_mean": 7139908.5,
          "final_impedance_std": 1018386.1875,
          "base_impedance_std": 416897.875,
          "mae_ratio_vs_prior": 0.11370187252759933,
          "edge_alignment": 0.23730678856372833,
          "resid_l1_si": 0.23435430228710175,
          "resid_rms_ratio": 0.40260881185531616,
          "lat_tv_ratio": 7.083606902790956,
          "wavelet_phi_deg": 0.0,
          "wavelet_f_scale": 1.0,
          "wavelet_bad": 0.0,
          "selection_score": 0.5742391985671668
        },
        {
          "postprocess_name": "variance_safe_blend",
          "final_trace_pcc": 0.9253737926483154,
          "final_impedance_mean": 7139908.0,
          "final_impedance_std": 938715.9375,
          "base_impedance_std": 416897.875,
          "mae_ratio_vs_prior": 0.10534673184156418,
          "edge_alignment": 0.23711299896240234,
          "resid_l1_si": 0.2310040295124054,
          "resid_rms_ratio": 0.3966194689273834,
          "lat_tv_ratio": 6.401655568572422,
          "wavelet_phi_deg": 0.0,
          "wavelet_f_scale": 1.0,
          "wavelet_bad": 0.0,
          "selection_score": 0.5760606901594455
        },
        {
          "postprocess_name": "mild_detail_a0.91",
          "final_trace_pcc": 0.9259596467018127,
          "final_impedance_mean": 7139908.0,
          "final_impedance_std": 944975.1875,
          "base_impedance_std": 416897.875,
          "mae_ratio_vs_prior": 0.10598339885473251,
          "edge_alignment": 0.23723724484443665,
          "resid_l1_si": 0.2300528734922409,
          "resid_rms_ratio": 0.39524465799331665,
          "lat_tv_ratio": 6.464428058523853,
          "wavelet_phi_deg": 0.0,
          "wavelet_f_scale": 1.0,
          "wavelet_bad": 0.0,
          "selection_score": 0.5764802869496591
        },
        {
          "postprocess_name": "mild_detail_a0.93",
          "final_trace_pcc": 0.9253490567207336,
          "final_impedance_mean": 7139908.0,
          "final_impedance_std": 961202.0625,
          "base_impedance_std": 416897.875,
          "mae_ratio_vs_prior": 0.10768914967775345,
          "edge_alignment": 0.23724934458732605,
          "resid_l1_si": 0.23089317977428436,
          "resid_rms_ratio": 0.39674004912376404,
          "lat_tv_ratio": 6.601535434100168,
          "wavelet_phi_deg": 0.0,
          "wavelet_f_scale": 1.0,
          "wavelet_bad": 0.0,
          "selection_score": 0.5759695713720738
        },
        {
          "postprocess_name": "mild_detail_a0.95",
          "final_trace_pcc": 0.9247030019760132,
          "final_impedance_mean": 7139908.5,
          "final_impedance_std": 977480.5625,
          "base_impedance_std": 416897.875,
          "mae_ratio_vs_prior": 0.10940058529376984,
          "edge_alignment": 0.23726338148117065,
          "resid_l1_si": 0.2318035364151001,
          "resid_rms_ratio": 0.3983204960823059,
          "lat_tv_ratio": 6.738917948836986,
          "wavelet_phi_deg": 0.0,
          "wavelet_f_scale": 1.0,
          "wavelet_bad": 0.0,
          "selection_score": 0.5754658958320069
        }
      ],
      "score_components": {
        "S_pcc": 0.9259596467018127,
        "S_res": 0.5626304932938934,
        "S_edge": 0.23723724484443665,
        "S_var": 0.44117335620518605,
        "S_dev": 0.44696116973372063,
        "S_lat": 0.1546927262468985
      },
      "selection_score": 0.5764802869496591
    },
    {
      "checkpoint_name": "best_pcc",
      "checkpoint_path": "new\\sgy_inversion_v11_ablate_core\\checkpoints\\best_pcc.pt",
      "checkpoint_epoch": 1,
      "postprocess_mode": "mild_detail_a0.91",
      "raw_trace_pcc": 0.9229429960250854,
      "mean_trace_pcc": 0.9259596467018127,
      "raw_impedance_mean": 7139908.5,
      "raw_impedance_std": 1018386.1875,
      "final_impedance_mean": 7139908.0,
      "final_impedance_std": 944975.1875,
      "base_impedance_std": 416897.875,
      "mae_ratio_vs_prior": 0.10598339885473251,
      "edge_alignment": 0.23723724484443665,
      "resid_l1_si": 0.2300528734922409,
      "resid_rms_ratio": 0.39524465799331665,
      "lat_tv_ratio": 6.464428058523853,
      "wavelet_phi_deg": 0.0,
      "wavelet_f_scale": 1.0,
      "wavelet_bad": 0.0,
      "postprocess_candidates": [
        {
          "postprocess_name": "raw_identity",
          "final_trace_pcc": 0.9229429960250854,
          "final_impedance_mean": 7139908.5,
          "final_impedance_std": 1018386.1875,
          "base_impedance_std": 416897.875,
          "mae_ratio_vs_prior": 0.11370187252759933,
          "edge_alignment": 0.23730678856372833,
          "resid_l1_si": 0.23435430228710175,
          "resid_rms_ratio": 0.40260881185531616,
          "lat_tv_ratio": 7.083606902790956,
          "wavelet_phi_deg": 0.0,
          "wavelet_f_scale": 1.0,
          "wavelet_bad": 0.0,
          "selection_score": 0.5742391985671668
        },
        {
          "postprocess_name": "variance_safe_blend",
          "final_trace_pcc": 0.9253737926483154,
          "final_impedance_mean": 7139908.0,
          "final_impedance_std": 938715.9375,
          "base_impedance_std": 416897.875,
          "mae_ratio_vs_prior": 0.10534673184156418,
          "edge_alignment": 0.23711299896240234,
          "resid_l1_si": 0.2310040295124054,
          "resid_rms_ratio": 0.3966194689273834,
          "lat_tv_ratio": 6.401655568572422,
          "wavelet_phi_deg": 0.0,
          "wavelet_f_scale": 1.0,
          "wavelet_bad": 0.0,
          "selection_score": 0.5760606901594455
        },
        {
          "postprocess_name": "mild_detail_a0.91",
          "final_trace_pcc": 0.9259596467018127,
          "final_impedance_mean": 7139908.0,
          "final_impedance_std": 944975.1875,
          "base_impedance_std": 416897.875,
          "mae_ratio_vs_prior": 0.10598339885473251,
          "edge_alignment": 0.23723724484443665,
          "resid_l1_si": 0.2300528734922409,
          "resid_rms_ratio": 0.39524465799331665,
          "lat_tv_ratio": 6.464428058523853,
          "wavelet_phi_deg": 0.0,
          "wavelet_f_scale": 1.0,
          "wavelet_bad": 0.0,
          "selection_score": 0.5764802869496591
        },
        {
          "postprocess_name": "mild_detail_a0.93",