{
    "s_min": -7832.2109375,
    "s_max": 7381.6796875,
    "imp_min": 6857730.0,
    "imp_max": 9825480.0
}