{
  "tracecount_total": 517655,
  "train_traces": 2000,
  "infer_traces": 1000,
  "nsamples": 1751,
  "dt_seconds": 0.002,
  "experiment_mode": "core_v12_tuned",
  "lateral_group_size": 5,
  "selected_checkpoint": "best_loss",
  "selected_checkpoint_path": "new\\sgy_inversion_v12_ablate\\checkpoints\\best_loss.pt",
  "selected_epoch": 1,
  "postprocess_mode": "mild_detail_a0.93",
  "prior_models": {
    "01_20Hz_v6": {
      "highpass_cutoff": 8.0,
      "imp_mean": 6983738.5,
      "imp_std": 598404.125
    },
    "01_30Hz_v6": {
      "highpass_cutoff": 12.0,
      "imp_mean": 6983738.5,
      "imp_std": 598404.125
    },
    "01_40Hz_v6": {
      "highpass_cutoff": 15.0,
      "imp_mean": 6983738.5,
      "imp_std": 598404.125
    }
  },
  "candidate_metrics": [
    {
      "checkpoint_name": "best_loss",
      "checkpoint_path": "new\\sgy_inversion_v12_ablate\\checkpoints\\best_loss.pt",
      "checkpoint_epoch": 1,
      "postprocess_mode": "mild_detail_a0.93",
      "raw_trace_pcc": 0.9569756984710693,
      "mean_trace_pcc": 0.955283522605896,
      "raw_impedance_mean": 7102370.0,
      "raw_impedance_std": 429437.25,
      "final_impedance_mean": 7102370.0,
      "final_impedance_std": 416099.1875,
      "base_impedance_std": 416897.875,
      "mae_ratio_vs_prior": 0.04918801411986351,
      "edge_alignment": 0.4167199432849884,
      "resid_l1_si": 0.2022302746772766,
      "resid_rms_ratio": 0.2663303017616272,
      "lat_tv_ratio": 2.0335267856252806,
      "wavelet_phi_deg": 1.1909838914871216,
      "wavelet_f_scale": 1.0,
      "wavelet_bad": 0.0,
      "postprocess_candidates": [
        {
          "postprocess_name": "raw_identity",
          "final_trace_pcc": 0.9569756984710693,
          "final_impedance_mean": 7102370.0,
          "final_impedance_std": 429437.25,
          "base_impedance_std": 416897.875,
          "mae_ratio_vs_prior": 0.05028640478849411,
          "edge_alignment": 0.4179152250289917,
          "resid_l1_si": 0.19819065928459167,
          "resid_rms_ratio": 0.26086923480033875,
          "lat_tv_ratio": 2.1629242596861964,
          "wavelet_phi_deg": 1.1909838914871216,
          "wavelet_f_scale": 1.0,
          "wavelet_bad": 0.0,
          "selection_score": 0.6747317915103251
        },
        {
          "postprocess_name": "variance_safe_blend",
          "final_trace_pcc": 0.9534510374069214,
          "final_impedance_mean": 7102370.0,
          "final_impedance_std": 411632.96875,
          "base_impedance_std": 416897.875,
          "mae_ratio_vs_prior": 0.04887248948216438,
          "edge_alignment": 0.41591203212738037,
          "resid_l1_si": 0.2066303789615631,
          "resid_rms_ratio": 0.27212733030319214,
          "lat_tv_ratio": 1.981499826471976,
          "wavelet_phi_deg": 1.1909838914871216,
          "wavelet_f_scale": 1.0,
          "wavelet_bad": 0.0,
          "selection_score": 0.6757120194092033
        },
        {
          "postprocess_name": "mild_detail_a0.91",
          "final_trace_pcc": 0.9546896815299988,
          "final_impedance_mean": 7102370.0,
          "final_impedance_std": 412352.5625,
          "base_impedance_std": 416897.875,
          "mae_ratio_vs_prior": 0.04887937009334564,
          "edge_alignment": 0.4163441061973572,
          "resid_l1_si": 0.2036736160516739,
          "resid_rms_ratio": 0.2682493329048157,
          "lat_tv_ratio": 1.9966512232450109,
          "wavelet_phi_deg": 1.1909838914871216,
          "wavelet_f_scale": 1.0,
          "wavelet_bad": 0.0,
          "selection_score": 0.6768892579210883
        },
        {
          "postprocess_name": "mild_detail_a0.93",
          "final_trace_pcc": 0.955283522605896,
          "final_impedance_mean": 7102370.0,
          "final_impedance_std": 416099.1875,
          "base_impedance_std": 416897.875,
          "mae_ratio_vs_prior": 0.04918801411986351,
          "edge_alignment": 0.4167199432849884,
          "resid_l1_si": 0.2022302746772766,
          "resid_rms_ratio": 0.2663303017616272,
          "lat_tv_ratio": 2.0335267856252806,
          "wavelet_phi_deg": 1.1909838914871216,
          "wavelet_f_scale": 1.0,
          "wavelet_bad": 0.0,
          "selection_score": 0.6777600111724094
        },
        {
          "postprocess_name": "mild_detail_a0.95",
          "final_trace_pcc": 0.955825686454773,
          "final_impedance_mean": 7102370.5,
          "final_impedance_std": 419874.96875,
          "base_impedance_std": 416897.875,
          "mae_ratio_vs_prior": 0.04949899762868881,
          "edge_alignment": 0.4170796573162079,
          "resid_l1_si": 0.2009200155735016,
          "resid_rms_ratio": 0.2645770013332367,
          "lat_tv_ratio": 2.0704458389178253,
          "wavelet_phi_deg": 1.1909838914871216,
          "wavelet_f_scale": 1.0,
          "wavelet_bad": 0.0,
          "selection_score": 0.6771881143744009
        }
      ],
      "score_components": {
        "S_pcc": 0.955283522605896,
        "S_res": 0.6031582452842635,
        "S_edge": 0.4167199432849884,
        "S_var": 0.9980842130701674,
        "S_dev": 0.11287067129331477,
        "S_lat": 0.4917564927439666
      },
      "selection_score": 0.6777600111724094
    },
    {
      "checkpoint_name": "best_pcc",
      "checkpoint_path": "new\\sgy_inversion_v12_ablate\\checkpoints\\best_pcc.pt",
      "checkpoint_epoch": 21,
      "postprocess_mode": "mild_detail_a0.91",
      "raw_trace_pcc": 0.9412838220596313,
      "mean_trace_pcc": 0.93830406665802,
      "raw_impedance_mean": 7146076.5,
      "raw_impedance_std": 456562.9375,
      "final_impedance_mean": 7146076.5,
      "final_impedance_std": 438451.9375,
      "base_impedance_std": 416897.875,
      "mae_ratio_vs_prior": 0.050943437963724136,
      "edge_alignment": 0.40004515647888184,
      "resid_l1_si": 0.24007777869701385,
      "resid_rms_ratio": 0.30311134457588196,
      "lat_tv_ratio": 2.1081184314058965,
      "wavelet_phi_deg": 1.3560372591018677,
      "wavelet_f_scale": 1.0,
      "wavelet_bad": 0.0,
      "postprocess_candidates": [
        {
          "postprocess_name": "raw_identity",
          "final_trace_pcc": 0.9412838220596313,
          "final_impedance_mean": 7146076.5,
          "final_impedance_std": 456562.9375,
          "base_impedance_std": 416897.875,
          "mae_ratio_vs_prior": 0.052478473633527756,
          "edge_alignment": 0.4010779857635498,
          "resid_l1_si": 0.23381395637989044,
          "resid_rms_ratio": 0.2950364649295807,
          "lat_tv_ratio": 2.283571143832964,
          "wavelet_phi_deg": 1.3560372591018677,
          "wavelet_f_scale": 1.0,
          "wavelet_bad": 0.0,
          "selection_score": 0.649409980637747
        },
        {
          "postprocess_name": "variance_safe_blend",
          "final_trace_pcc": 0.9365580677986145,
          "final_impedance_mean": 7146076.0,
          "final_impedance_std": 437622.375,
          "base_impedance_std": 416897.875,
          "mae_ratio_vs_prior": 0.05093320086598396,
          "edge_alignment": 0.39976879954338074,
          "resid_l1_si": 0.24364259839057922,
          "resid_rms_ratio": 0.30763956904411316,
          "lat_tv_ratio": 2.0919147001320817,
          "wavelet_phi_deg": 1.3560372591018677,
          "wavelet_f_scale": 1.0,
          "wavelet_bad": 0.0,
          "selection_score": 0.6519089981116772
        },
        {
          "postprocess_name": "mild_detail_a0.91",
          "final_trace_pcc": 0.93830406665802,
          "final_impedance_mean": 7146076.5,
          "final_impedance_std": 438451.9375,
          "base_impedance_std": 416897.875,
          "mae_ratio_vs_prior": 0.050943437963724136,
          "edge_alignment": 0.40004515647888184,
          "resid_l1_si": 0.24007777869701385,
          "resid_rms_ratio": 0.30311134457588196,
          "lat_tv_ratio": 2.1081184314058965,
          "wavelet_phi_deg": 1.3560372591018677,
          "wavelet_f_scale": 1.0,
          "wavelet_bad": 0.0,