{
    "s_min": -2576.1123046875,
    "s_max": 2578.5439453125,
    "imp_min": 6857730.0,
    "imp_max": 9825480.0
}