{
  "seis_min": -0.5442220568656921,
  "seis_max": 0.6056312918663025,
  "imp_min": 1634.5191650390625,
  "imp_max": 11655.083984375
}