{
  "seis_mean": 0.002869057934731245,
  "seis_std": 0.04967265948653221,
  "imp_mean": 8161.8193359375,
  "imp_std": 2252.886474609375,
  "norm": {
    "seismic": "zscore",
    "impedance": "zscore",
    "eps": 1e-06
  }
}