{
    "s_min": -5845.578125,
    "s_max": 5845.04296875,
    "imp_min": 6857730.0,
    "imp_max": 9825480.0
}