{
    "s_min": -8898.921875,
    "s_max": 9521.796875,
    "imp_min": 6857730.0,
    "imp_max": 9825480.0
}