{"s_min": -3409.9931640625, "s_max": 3387.9228515625, "imp_min": 6857730.0, "imp_max": 9825480.0}