{
  "seis_mean": -6.111888797022402e-05,
  "seis_std": 1421.5687255859375,
  "imp_mean": 6983738.5,
  "imp_std": 598404.125,
  "highpass_cutoff": 12.0
}