{
  "seis_mean": -4.3715386390686035,
  "seis_std": 1358.9453125,
  "imp_mean": 6983776.5,
  "imp_std": 598489.375,
  "norm": {
    "seismic": "zscore",
    "impedance": "zscore",
    "eps": 1e-06
  }
}