{
    "s_min": -4580.01953125,
    "s_max": 4567.42578125,
    "imp_min": 6857730.0,
    "imp_max": 9825480.0
}