{
    "s_min": -653.2127685546875,
    "s_max": 640.3255615234375,
    "imp_min": 6857730.0,
    "imp_max": 9825480.0
}