{
  "tracecount_total": 517655,
  "train_traces": 2000,
  "infer_traces": 1000,
  "nsamples": 1751,
  "dt_seconds": 0.002,
  "experiment_mode": "amp_only",
  "selected_checkpoint": "latest",
  "selected_checkpoint_path": "new\\sgy_inversion_v11_ablate_amp\\checkpoints\\latest.pt",
  "selected_epoch": 12,
  "postprocess_mode": "mild_detail_a0.91",
  "prior_models": {
    "01_20Hz_v6": {
      "highpass_cutoff": 8.0,
      "imp_mean": 6983738.5,
      "imp_std": 598404.125
    },
    "01_30Hz_v6": {
      "highpass_cutoff": 12.0,
      "imp_mean": 6983738.5,
      "imp_std": 598404.125
    },
    "01_40Hz_v6": {
      "highpass_cutoff": 15.0,
      "imp_mean": 6983738.5,
      "imp_std": 598404.125
    }
  },
  "candidate_metrics": [
    {
      "checkpoint_name": "best_loss",
      "checkpoint_path": "new\\sgy_inversion_v11_ablate_amp\\checkpoints\\best_loss.pt",
      "checkpoint_epoch": 1,
      "postprocess_mode": "mild_detail_a0.91",
      "raw_trace_pcc": 0.9868466258049011,
      "mean_trace_pcc": 0.9861062169075012,
      "raw_impedance_mean": 7082125.5,
      "raw_impedance_std": 310075.78125,
      "final_impedance_mean": 7082125.5,
      "final_impedance_std": 300792.53125,
      "base_impedance_std": 416897.875,
      "mae_ratio_vs_prior": 0.037757985293865204,
      "edge_alignment": 0.47862884402275085,
      "resid_l1_si": 0.11299814283847809,
      "resid_rms_ratio": 0.1416395604610443,
      "lat_tv_ratio": 1.2204537173489185,
      "wavelet_phi_deg": 0.0,
      "wavelet_f_scale": 1.0,
      "wavelet_bad": 0.0,
      "postprocess_candidates": [
        {
          "postprocess_name": "raw_identity",
          "final_trace_pcc": 0.9868466258049011,
          "final_impedance_mean": 7082125.5,
          "final_impedance_std": 310075.78125,
          "base_impedance_std": 416897.875,
          "mae_ratio_vs_prior": 0.038509294390678406,
          "edge_alignment": 0.47900089621543884,
          "resid_l1_si": 0.10989352315664291,
          "resid_rms_ratio": 0.13681648671627045,
          "lat_tv_ratio": 1.3228265936153738,
          "wavelet_phi_deg": 0.0,
          "wavelet_f_scale": 1.0,
          "wavelet_bad": 0.0,
          "selection_score": 0.7241794031947081
        },
        {
          "postprocess_name": "variance_safe_blend",
          "final_trace_pcc": 0.9857211112976074,
          "final_impedance_mean": 7082125.5,
          "final_impedance_std": 300134.5625,
          "base_impedance_std": 416897.875,
          "mae_ratio_vs_prior": 0.03772226721048355,
          "edge_alignment": 0.47854503989219666,
          "resid_l1_si": 0.11473686993122101,
          "resid_rms_ratio": 0.14389342069625854,
          "lat_tv_ratio": 1.2101975048064713,
          "wavelet_phi_deg": 0.0,
          "wavelet_f_scale": 1.0,
          "wavelet_bad": 0.0,
          "selection_score": 0.7260761795309292
        },
        {
          "postprocess_name": "mild_detail_a0.91",
          "final_trace_pcc": 0.9861062169075012,
          "final_impedance_mean": 7082125.5,
          "final_impedance_std": 300792.53125,
          "base_impedance_std": 416897.875,
          "mae_ratio_vs_prior": 0.037757985293865204,
          "edge_alignment": 0.47862884402275085,
          "resid_l1_si": 0.11299814283847809,
          "resid_rms_ratio": 0.1416395604610443,
          "lat_tv_ratio": 1.2204537173489185,
          "wavelet_phi_deg": 0.0,
          "wavelet_f_scale": 1.0,
          "wavelet_bad": 0.0,
          "selection_score": 0.7263619639839956
        },
        {
          "postprocess_name": "mild_detail_a0.93",
          "final_trace_pcc": 0.9863377213478088,
          "final_impedance_mean": 7082125.5,
          "final_impedance_std": 302816.375,
          "base_impedance_std": 416897.875,
          "mae_ratio_vs_prior": 0.03792165219783783,
          "edge_alignment": 0.4787173271179199,
          "resid_l1_si": 0.11197694391012192,
          "resid_rms_ratio": 0.14016170799732208,
          "lat_tv_ratio": 1.243158976067161,
          "wavelet_phi_deg": 0.0,
          "wavelet_f_scale": 1.0,
          "wavelet_bad": 0.0,
          "selection_score": 0.7259269175505286
        },
        {
          "postprocess_name": "mild_detail_a0.95",
          "final_trace_pcc": 0.9865284562110901,
          "final_impedance_mean": 7082125.5,
          "final_impedance_std": 304862.96875,
          "base_impedance_std": 416897.875,
          "mae_ratio_vs_prior": 0.038087233901023865,
          "edge_alignment": 0.4788021743297577,
          "resid_l1_si": 0.1111505851149559,
          "resid_rms_ratio": 0.1389264166355133,
          "lat_tv_ratio": 1.265890529500147,
          "wavelet_phi_deg": 0.0,
          "wavelet_f_scale": 1.0,
          "wavelet_bad": 0.0,
          "selection_score": 0.7254628654281752
        }
      ],
      "score_components": {
        "S_pcc": 0.9861062169075012,
        "S_res": 0.7539001422370339,
        "S_edge": 0.47862884402275085,
        "S_var": 0.7215017136990683,
        "S_dev": 0.04563520761097179,
        "S_lat": 0.8193674088454659
      },
      "selection_score": 0.7263619639839956
    },
    {
      "checkpoint_name": "best_pcc",
      "checkpoint_path": "new\\sgy_inversion_v11_ablate_amp\\checkpoints\\best_pcc.pt",
      "checkpoint_epoch": 11,
      "postprocess_mode": "mild_detail_a0.91",
      "raw_trace_pcc": 0.9938503503799438,
      "mean_trace_pcc": 0.9935352206230164,
      "raw_impedance_mean": 7104378.0,
      "raw_impedance_std": 325895.1875,
      "final_impedance_mean": 7104378.0,
      "final_impedance_std": 314621.96875,
      "base_impedance_std": 416897.875,
      "mae_ratio_vs_prior": 0.03880808874964714,
      "edge_alignment": 0.46204692125320435,
      "resid_l1_si": 0.07273823022842407,
      "resid_rms_ratio": 0.09049913287162781,
      "lat_tv_ratio": 1.3684802234317728,
      "wavelet_phi_deg": 0.0,
      "wavelet_f_scale": 1.0,
      "wavelet_bad": 0.0,
      "postprocess_candidates": [
        {
          "postprocess_name": "raw_identity",
          "final_trace_pcc": 0.9938503503799438,
          "final_impedance_mean": 7104378.0,
          "final_impedance_std": 325895.1875,
          "base_impedance_std": 416897.875,
          "mae_ratio_vs_prior": 0.03969401866197586,
          "edge_alignment": 0.46231043338775635,
          "resid_l1_si": 0.07026968151330948,
          "resid_rms_ratio": 0.08800067007541656,
          "lat_tv_ratio": 1.4843509319530905,
          "wavelet_phi_deg": 0.0,
          "wavelet_f_scale": 1.0,
          "wavelet_bad": 0.0,
          "selection_score": 0.736215781895194
        },
        {
          "postprocess_name": "variance_safe_blend",
          "final_trace_pcc": 0.9932135939598083,
          "final_impedance_mean": 7104378.0,
          "final_impedance_std": 313839.125,
          "base_impedance_std": 416897.875,
          "mae_ratio_vs_prior": 0.0387645848095417,
          "edge_alignment": 0.4619818925857544,
          "resid_l1_si": 0.07520337402820587,
          "resid_rms_ratio": 0.09339147806167603,
          "lat_tv_ratio": 1.3569390273034256,
          "wavelet_phi_deg": 0.0,
          "wavelet_f_scale": 1.0,
          "wavelet_bad": 0.0,
          "selection_score": 0.7367741196554426
        },
        {
          "postprocess_name": "mild_detail_a0.91",
          "final_trace_pcc": 0.9935352206230164,
          "final_impedance_mean": 7104378.0,
          "final_impedance_std": 314621.96875,
          "base_impedance_std": 416897.875,
          "mae_ratio_vs_prior": 0.03880808874964714,
          "edge_alignment": 0.46204692125320435,
          "resid_l1_si": 0.07273823022842407,
          "resid_rms_ratio": 0.09049913287162781,
          "lat_tv_ratio": 1.3684802234317728,
          "wavelet_phi_deg": 0.0,
          "wavelet_f_scale": 1.0,
          "wavelet_bad": 0.0,
          "selection_score": 0.7375127688305502
        },
        {
          "postprocess_name": "mild_detail_a0.93",